<annotation>
	<filename>tb0007</filename>
	<segmented>0</segmented>
	<size>
		<width>1757</width>
		<height>2022</height>
	</size>
	<object>
		<name>ObsoletePulmonaryTuberculosis</name>
		<pose>unspecified</pose>
		<truncated>0</truncated>
		<difficult>0</difficult>
		<bndbox>
			<xmin>1058</xmin>
			<ymin>249</ymin>
			<xmax>1523</xmax>
			<ymax>828</ymax>
		</bndbox>
	</object>
	<object>
		<name>ObsoletePulmonaryTuberculosis</name>
		<pose>unspecified</pose>
		<truncated>0</truncated>
		<difficult>0</difficult>
		<bndbox>
			<xmin>498</xmin>
			<ymin>213</ymin>
			<xmax>931</xmax>
			<ymax>672</ymax>
		</bndbox>
	</object>
</annotation>
