<annotation>
	<filename>tb0004</filename>
	<segmented>0</segmented>
	<size>
		<width>1852</width>
		<height>2022</height>
	</size>
	<object>
		<name>ActiveTuberculosis</name>
		<pose>unspecified</pose>
		<truncated>0</truncated>
		<difficult>0</difficult>
		<bndbox>
			<xmin>469</xmin>
			<ymin>228</ymin>
			<xmax>890</xmax>
			<ymax>603</ymax>
		</bndbox>
	</object>
	<object>
		<name>ActiveTuberculosis</name>
		<pose>unspecified</pose>
		<truncated>0</truncated>
		<difficult>0</difficult>
		<bndbox>
			<xmin>1177</xmin>
			<ymin>317</ymin>
			<xmax>1503</xmax>
			<ymax>728</ymax>
		</bndbox>
	</object>
</annotation>
