<annotation>
	<filename>tb0029</filename>
	<segmented>0</segmented>
	<size>
		<width>1864</width>
		<height>2022</height>
	</size>
	<object>
		<name>ActiveTuberculosis</name>
		<pose>unspecified</pose>
		<truncated>0</truncated>
		<difficult>0</difficult>
		<bndbox>
			<xmin>322</xmin>
			<ymin>511</ymin>
			<xmax>620</xmax>
			<ymax>832</ymax>
		</bndbox>
	</object>
	<object>
		<name>ActiveTuberculosis</name>
		<pose>unspecified</pose>
		<truncated>0</truncated>
		<difficult>0</difficult>
		<bndbox>
			<xmin>1091</xmin>
			<ymin>311</ymin>
			<xmax>1426</xmax>
			<ymax>652</ymax>
		</bndbox>
	</object>
</annotation>
