<annotation>
	<filename>tb0079</filename>
	<segmented>0</segmented>
	<size>
		<width>1864</width>
		<height>2022</height>
	</size>
	<object>
		<name>ActiveTuberculosis</name>
		<pose>unspecified</pose>
		<truncated>0</truncated>
		<difficult>0</difficult>
		<bndbox>
			<xmin>1242</xmin>
			<ymin>446</ymin>
			<xmax>1648</xmax>
			<ymax>937</ymax>
		</bndbox>
	</object>
	<object>
		<name>ActiveTuberculosis</name>
		<pose>unspecified</pose>
		<truncated>0</truncated>
		<difficult>0</difficult>
		<bndbox>
			<xmin>328</xmin>
			<ymin>244</ymin>
			<xmax>855</xmax>
			<ymax>800</ymax>
		</bndbox>
	</object>
</annotation>
