<annotation>
	<filename>tb0066</filename>
	<segmented>0</segmented>
	<size>
		<width>2869</width>
		<height>2989</height>
	</size>
	<object>
		<name>ActiveTuberculosis</name>
		<pose>unspecified</pose>
		<truncated>0</truncated>
		<difficult>0</difficult>
		<bndbox>
			<xmin>1578</xmin>
			<ymin>349</ymin>
			<xmax>2583</xmax>
			<ymax>1999</ymax>
		</bndbox>
	</object>
	<object>
		<name>ActiveTuberculosis</name>
		<pose>unspecified</pose>
		<truncated>0</truncated>
		<difficult>0</difficult>
		<bndbox>
			<xmin>395</xmin>
			<ymin>371</ymin>
			<xmax>1374</xmax>
			<ymax>2242</ymax>
		</bndbox>
	</object>
</annotation>
