<annotation>
	<filename>tb0021</filename>
	<segmented>0</segmented>
	<size>
		<width>1758</width>
		<height>2022</height>
	</size>
	<object>
		<name>ActiveTuberculosis</name>
		<pose>unspecified</pose>
		<truncated>0</truncated>
		<difficult>0</difficult>
		<bndbox>
			<xmin>1064</xmin>
			<ymin>260</ymin>
			<xmax>1587</xmax>
			<ymax>1006</ymax>
		</bndbox>
	</object>
	<object>
		<name>ActiveTuberculosis</name>
		<pose>unspecified</pose>
		<truncated>0</truncated>
		<difficult>0</difficult>
		<bndbox>
			<xmin>1342</xmin>
			<ymin>1097</ymin>
			<xmax>1583</xmax>
			<ymax>1289</ymax>
		</bndbox>
	</object>
</annotation>
