<annotation>
	<filename>tb0095</filename>
	<segmented>0</segmented>
	<size>
		<width>1860</width>
		<height>2022</height>
	</size>
	<object>
		<name>ActiveTuberculosis</name>
		<pose>unspecified</pose>
		<truncated>0</truncated>
		<difficult>0</difficult>
		<bndbox>
			<xmin>571</xmin>
			<ymin>46</ymin>
			<xmax>811</xmax>
			<ymax>402</ymax>
		</bndbox>
	</object>
	<object>
		<name>ActiveTuberculosis</name>
		<pose>unspecified</pose>
		<truncated>0</truncated>
		<difficult>0</difficult>
		<bndbox>
			<xmin>1123</xmin>
			<ymin>136</ymin>
			<xmax>1475</xmax>
			<ymax>442</ymax>
		</bndbox>
	</object>
</annotation>
