<annotation>
	<filename>tb0020</filename>
	<segmented>0</segmented>
	<size>
		<width>1844</width>
		<height>2022</height>
	</size>
	<object>
		<name>ActiveTuberculosis</name>
		<pose>unspecified</pose>
		<truncated>0</truncated>
		<difficult>0</difficult>
		<bndbox>
			<xmin>628</xmin>
			<ymin>230</ymin>
			<xmax>999</xmax>
			<ymax>585</ymax>
		</bndbox>
	</object>
	<object>
		<name>ActiveTuberculosis</name>
		<pose>unspecified</pose>
		<truncated>0</truncated>
		<difficult>0</difficult>
		<bndbox>
			<xmin>1269</xmin>
			<ymin>224</ymin>
			<xmax>1655</xmax>
			<ymax>897</ymax>
		</bndbox>
	</object>
</annotation>
