<annotation>
	<filename>tb0045</filename>
	<segmented>0</segmented>
	<size>
		<width>1751</width>
		<height>2021</height>
	</size>
	<object>
		<name>ObsoletePulmonaryTuberculosis</name>
		<pose>unspecified</pose>
		<truncated>0</truncated>
		<difficult>0</difficult>
		<bndbox>
			<xmin>934</xmin>
			<ymin>243</ymin>
			<xmax>1483</xmax>
			<ymax>968</ymax>
		</bndbox>
	</object>
	<object>
		<name>ObsoletePulmonaryTuberculosis</name>
		<pose>unspecified</pose>
		<truncated>0</truncated>
		<difficult>0</difficult>
		<bndbox>
			<xmin>322</xmin>
			<ymin>267</ymin>
			<xmax>797</xmax>
			<ymax>805</ymax>
		</bndbox>
	</object>
</annotation>
