<annotation>
	<filename>tb0125</filename>
	<segmented>0</segmented>
	<size>
		<width>2997</width>
		<height>2981</height>
	</size>
	<object>
		<name>ActiveTuberculosis</name>
		<pose>unspecified</pose>
		<truncated>0</truncated>
		<difficult>0</difficult>
		<bndbox>
			<xmin>1647</xmin>
			<ymin>366</ymin>
			<xmax>2602</xmax>
			<ymax>2401</ymax>
		</bndbox>
	</object>
	<object>
		<name>ActiveTuberculosis</name>
		<pose>unspecified</pose>
		<truncated>0</truncated>
		<difficult>0</difficult>
		<bndbox>
			<xmin>460</xmin>
			<ymin>367</ymin>
			<xmax>1354</xmax>
			<ymax>2164</ymax>
		</bndbox>
	</object>
</annotation>
