<annotation>
	<filename>tb0150</filename>
	<segmented>0</segmented>
	<size>
		<width>2444</width>
		<height>2895</height>
	</size>
	<object>
		<name>ObsoletePulmonaryTuberculosis</name>
		<pose>unspecified</pose>
		<truncated>0</truncated>
		<difficult>0</difficult>
		<bndbox>
			<xmin>1290</xmin>
			<ymin>169</ymin>
			<xmax>1978</xmax>
			<ymax>1103</ymax>
		</bndbox>
	</object>
	<object>
		<name>ObsoletePulmonaryTuberculosis</name>
		<pose>unspecified</pose>
		<truncated>0</truncated>
		<difficult>0</difficult>
		<bndbox>
			<xmin>405</xmin>
			<ymin>156</ymin>
			<xmax>1199</xmax>
			<ymax>1164</ymax>
		</bndbox>
	</object>
</annotation>
