<annotation>
	<filename>tb0142</filename>
	<segmented>0</segmented>
	<size>
		<width>2957</width>
		<height>2995</height>
	</size>
	<object>
		<name>ActiveTuberculosis</name>
		<pose>unspecified</pose>
		<truncated>0</truncated>
		<difficult>0</difficult>
		<bndbox>
			<xmin>592</xmin>
			<ymin>540</ymin>
			<xmax>914</xmax>
			<ymax>853</ymax>
		</bndbox>
	</object>
	<object>
		<name>ObsoletePulmonaryTuberculosis</name>
		<pose>unspecified</pose>
		<truncated>0</truncated>
		<difficult>0</difficult>
		<bndbox>
			<xmin>834</xmin>
			<ymin>275</ymin>
			<xmax>1207</xmax>
			<ymax>750</ymax>
		</bndbox>
	</object>
</annotation>
