<annotation>
	<filename>tb0153</filename>
	<segmented>0</segmented>
	<size>
		<width>1867</width>
		<height>2022</height>
	</size>
	<object>
		<name>ActiveTuberculosis</name>
		<pose>unspecified</pose>
		<truncated>0</truncated>
		<difficult>0</difficult>
		<bndbox>
			<xmin>516</xmin>
			<ymin>206</ymin>
			<xmax>866</xmax>
			<ymax>607</ymax>
		</bndbox>
	</object>
	<object>
		<name>ActiveTuberculosis</name>
		<pose>unspecified</pose>
		<truncated>0</truncated>
		<difficult>0</difficult>
		<bndbox>
			<xmin>1106</xmin>
			<ymin>202</ymin>
			<xmax>1512</xmax>
			<ymax>527</ymax>
		</bndbox>
	</object>
</annotation>
