<annotation>
	<filename>tb0108</filename>
	<segmented>0</segmented>
	<size>
		<width>1756</width>
		<height>2022</height>
	</size>
	<object>
		<name>ActiveTuberculosis</name>
		<pose>unspecified</pose>
		<truncated>0</truncated>
		<difficult>0</difficult>
		<bndbox>
			<xmin>310</xmin>
			<ymin>134</ymin>
			<xmax>868</xmax>
			<ymax>754</ymax>
		</bndbox>
	</object>
	<object>
		<name>ActiveTuberculosis</name>
		<pose>unspecified</pose>
		<truncated>0</truncated>
		<difficult>0</difficult>
		<bndbox>
			<xmin>1102</xmin>
			<ymin>208</ymin>
			<xmax>1473</xmax>
			<ymax>499</ymax>
		</bndbox>
	</object>
</annotation>
