<annotation>
	<filename>tb0192</filename>
	<segmented>0</segmented>
	<size>
		<width>1801</width>
		<height>2022</height>
	</size>
	<object>
		<name>ActiveTuberculosis</name>
		<pose>unspecified</pose>
		<truncated>0</truncated>
		<difficult>0</difficult>
		<bndbox>
			<xmin>962</xmin>
			<ymin>191</ymin>
			<xmax>1478</xmax>
			<ymax>663</ymax>
		</bndbox>
	</object>
	<object>
		<name>ActiveTuberculosis</name>
		<pose>unspecified</pose>
		<truncated>0</truncated>
		<difficult>0</difficult>
		<bndbox>
			<xmin>419</xmin>
			<ymin>128</ymin>
			<xmax>801</xmax>
			<ymax>501</ymax>
		</bndbox>
	</object>
</annotation>
