<annotation>
	<filename>tb0135</filename>
	<segmented>0</segmented>
	<size>
		<width>1754</width>
		<height>2022</height>
	</size>
	<object>
		<name>ObsoletePulmonaryTuberculosis</name>
		<pose>unspecified</pose>
		<truncated>0</truncated>
		<difficult>0</difficult>
		<bndbox>
			<xmin>344</xmin>
			<ymin>240</ymin>
			<xmax>763</xmax>
			<ymax>648</ymax>
		</bndbox>
	</object>
	<object>
		<name>ObsoletePulmonaryTuberculosis</name>
		<pose>unspecified</pose>
		<truncated>0</truncated>
		<difficult>0</difficult>
		<bndbox>
			<xmin>969</xmin>
			<ymin>264</ymin>
			<xmax>1245</xmax>
			<ymax>609</ymax>
		</bndbox>
	</object>
	<object>
		<name>ActiveTuberculosis</name>
		<pose>unspecified</pose>
		<truncated>0</truncated>
		<difficult>0</difficult>
		<bndbox>
			<xmin>1122</xmin>
			<ymin>953</ymin>
			<xmax>1420</xmax>
			<ymax>1271</ymax>
		</bndbox>
	</object>
</annotation>
