<annotation>
	<filename>tb0120</filename>
	<segmented>0</segmented>
	<size>
		<width>2012</width>
		<height>2012</height>
	</size>
	<object>
		<name>ActiveTuberculosis</name>
		<pose>unspecified</pose>
		<truncated>0</truncated>
		<difficult>0</difficult>
		<bndbox>
			<xmin>313</xmin>
			<ymin>329</ymin>
			<xmax>764</xmax>
			<ymax>918</ymax>
		</bndbox>
	</object>
	<object>
		<name>ActiveTuberculosis</name>
		<pose>unspecified</pose>
		<truncated>0</truncated>
		<difficult>0</difficult>
		<bndbox>
			<xmin>1050</xmin>
			<ymin>229</ymin>
			<xmax>1473</xmax>
			<ymax>648</ymax>
		</bndbox>
	</object>
</annotation>
