<annotation>
	<filename>tb0103</filename>
	<segmented>0</segmented>
	<size>
		<width>2021</width>
		<height>2022</height>
	</size>
	<object>
		<name>ActiveTuberculosis</name>
		<pose>unspecified</pose>
		<truncated>0</truncated>
		<difficult>0</difficult>
		<bndbox>
			<xmin>1170</xmin>
			<ymin>411</ymin>
			<xmax>1627</xmax>
			<ymax>1021</ymax>
		</bndbox>
	</object>
	<object>
		<name>ActiveTuberculosis</name>
		<pose>unspecified</pose>
		<truncated>0</truncated>
		<difficult>0</difficult>
		<bndbox>
			<xmin>379</xmin>
			<ymin>437</ymin>
			<xmax>918</xmax>
			<ymax>1249</ymax>
		</bndbox>
	</object>
</annotation>
