<annotation>
	<filename>tb0104</filename>
	<segmented>0</segmented>
	<size>
		<width>2802</width>
		<height>2735</height>
	</size>
	<object>
		<name>ActiveTuberculosis</name>
		<pose>unspecified</pose>
		<truncated>0</truncated>
		<difficult>0</difficult>
		<bndbox>
			<xmin>1582</xmin>
			<ymin>394</ymin>
			<xmax>2392</xmax>
			<ymax>1539</ymax>
		</bndbox>
	</object>
	<object>
		<name>ActiveTuberculosis</name>
		<pose>unspecified</pose>
		<truncated>0</truncated>
		<difficult>0</difficult>
		<bndbox>
			<xmin>679</xmin>
			<ymin>512</ymin>
			<xmax>1360</xmax>
			<ymax>1192</ymax>
		</bndbox>
	</object>
</annotation>
