<annotation>
	<filename>tb0221</filename>
	<segmented>0</segmented>
	<size>
		<width>1749</width>
		<height>2021</height>
	</size>
	<object>
		<name>ActiveTuberculosis</name>
		<pose>unspecified</pose>
		<truncated>0</truncated>
		<difficult>0</difficult>
		<bndbox>
			<xmin>172</xmin>
			<ymin>290</ymin>
			<xmax>731</xmax>
			<ymax>1014</ymax>
		</bndbox>
	</object>
	<object>
		<name>ActiveTuberculosis</name>
		<pose>unspecified</pose>
		<truncated>0</truncated>
		<difficult>0</difficult>
		<bndbox>
			<xmin>1169</xmin>
			<ymin>775</ymin>
			<xmax>1397</xmax>
			<ymax>961</ymax>
		</bndbox>
	</object>
</annotation>
