<annotation>
	<filename>tb0255</filename>
	<segmented>0</segmented>
	<size>
		<width>2012</width>
		<height>2012</height>
	</size>
	<object>
		<name>ObsoletePulmonaryTuberculosis</name>
		<pose>unspecified</pose>
		<truncated>0</truncated>
		<difficult>0</difficult>
		<bndbox>
			<xmin>1079</xmin>
			<ymin>301</ymin>
			<xmax>1402</xmax>
			<ymax>723</ymax>
		</bndbox>
	</object>
	<object>
		<name>ActiveTuberculosis</name>
		<pose>unspecified</pose>
		<truncated>0</truncated>
		<difficult>0</difficult>
		<bndbox>
			<xmin>1388</xmin>
			<ymin>619</ymin>
			<xmax>1612</xmax>
			<ymax>1335</ymax>
		</bndbox>
	</object>
	<object>
		<name>ActiveTuberculosis</name>
		<pose>unspecified</pose>
		<truncated>0</truncated>
		<difficult>0</difficult>
		<bndbox>
			<xmin>310</xmin>
			<ymin>630</ymin>
			<xmax>550</xmax>
			<ymax>1263</ymax>
		</bndbox>
	</object>
</annotation>
