<annotation>
	<filename>tb0227</filename>
	<segmented>0</segmented>
	<size>
		<width>2372</width>
		<height>2880</height>
	</size>
	<object>
		<name>ActiveTuberculosis</name>
		<pose>unspecified</pose>
		<truncated>0</truncated>
		<difficult>0</difficult>
		<bndbox>
			<xmin>539</xmin>
			<ymin>301</ymin>
			<xmax>1209</xmax>
			<ymax>1104</ymax>
		</bndbox>
	</object>
	<object>
		<name>ActiveTuberculosis</name>
		<pose>unspecified</pose>
		<truncated>0</truncated>
		<difficult>0</difficult>
		<bndbox>
			<xmin>1654</xmin>
			<ymin>758</ymin>
			<xmax>2115</xmax>
			<ymax>1295</ymax>
		</bndbox>
	</object>
</annotation>
