<annotation>
	<filename>tb0270</filename>
	<segmented>0</segmented>
	<size>
		<width>1814</width>
		<height>2022</height>
	</size>
	<object>
		<name>ActiveTuberculosis</name>
		<pose>unspecified</pose>
		<truncated>0</truncated>
		<difficult>0</difficult>
		<bndbox>
			<xmin>692</xmin>
			<ymin>511</ymin>
			<xmax>1150</xmax>
			<ymax>937</ymax>
		</bndbox>
	</object>
	<object>
		<name>ActiveTuberculosis</name>
		<pose>unspecified</pose>
		<truncated>0</truncated>
		<difficult>0</difficult>
		<bndbox>
			<xmin>1329</xmin>
			<ymin>386</ymin>
			<xmax>1780</xmax>
			<ymax>758</ymax>
		</bndbox>
	</object>
</annotation>
