<annotation>
	<filename>tb0283</filename>
	<segmented>0</segmented>
	<size>
		<width>1811</width>
		<height>2022</height>
	</size>
	<object>
		<name>ActiveTuberculosis</name>
		<pose>unspecified</pose>
		<truncated>0</truncated>
		<difficult>0</difficult>
		<bndbox>
			<xmin>245</xmin>
			<ymin>332</ymin>
			<xmax>879</xmax>
			<ymax>1439</ymax>
		</bndbox>
	</object>
	<object>
		<name>ActiveTuberculosis</name>
		<pose>unspecified</pose>
		<truncated>0</truncated>
		<difficult>0</difficult>
		<bndbox>
			<xmin>1007</xmin>
			<ymin>330</ymin>
			<xmax>1671</xmax>
			<ymax>1610</ymax>
		</bndbox>
	</object>
</annotation>
