<annotation>
	<filename>tb0293</filename>
	<segmented>0</segmented>
	<size>
		<width>1850</width>
		<height>2022</height>
	</size>
	<object>
		<name>ActiveTuberculosis</name>
		<pose>unspecified</pose>
		<truncated>0</truncated>
		<difficult>0</difficult>
		<bndbox>
			<xmin>418</xmin>
			<ymin>256</ymin>
			<xmax>911</xmax>
			<ymax>806</ymax>
		</bndbox>
	</object>
	<object>
		<name>ActiveTuberculosis</name>
		<pose>unspecified</pose>
		<truncated>0</truncated>
		<difficult>0</difficult>
		<bndbox>
			<xmin>1439</xmin>
			<ymin>620</ymin>
			<xmax>1560</xmax>
			<ymax>744</ymax>
		</bndbox>
	</object>
</annotation>
