<annotation>
	<filename>tb0209</filename>
	<segmented>0</segmented>
	<size>
		<width>1749</width>
		<height>2022</height>
	</size>
	<object>
		<name>ActiveTuberculosis</name>
		<pose>unspecified</pose>
		<truncated>0</truncated>
		<difficult>0</difficult>
		<bndbox>
			<xmin>238</xmin>
			<ymin>101</ymin>
			<xmax>759</xmax>
			<ymax>847</ymax>
		</bndbox>
	</object>
	<object>
		<name>ActiveTuberculosis</name>
		<pose>unspecified</pose>
		<truncated>0</truncated>
		<difficult>0</difficult>
		<bndbox>
			<xmin>1002</xmin>
			<ymin>162</ymin>
			<xmax>1469</xmax>
			<ymax>913</ymax>
		</bndbox>
	</object>
</annotation>
