<annotation>
	<filename>tb0279</filename>
	<segmented>0</segmented>
	<size>
		<width>1808</width>
		<height>2022</height>
	</size>
	<object>
		<name>ActiveTuberculosis</name>
		<pose>unspecified</pose>
		<truncated>0</truncated>
		<difficult>0</difficult>
		<bndbox>
			<xmin>1171</xmin>
			<ymin>98</ymin>
			<xmax>1707</xmax>
			<ymax>890</ymax>
		</bndbox>
	</object>
	<object>
		<name>ObsoletePulmonaryTuberculosis</name>
		<pose>unspecified</pose>
		<truncated>0</truncated>
		<difficult>0</difficult>
		<bndbox>
			<xmin>606</xmin>
			<ymin>140</ymin>
			<xmax>852</xmax>
			<ymax>370</ymax>
		</bndbox>
	</object>
</annotation>
