<annotation>
	<filename>tb0232</filename>
	<segmented>0</segmented>
	<size>
		<width>3000</width>
		<height>3001</height>
	</size>
	<object>
		<name>ObsoletePulmonaryTuberculosis</name>
		<pose>unspecified</pose>
		<truncated>0</truncated>
		<difficult>0</difficult>
		<bndbox>
			<xmin>720</xmin>
			<ymin>459</ymin>
			<xmax>1453</xmax>
			<ymax>1452</ymax>
		</bndbox>
	</object>
	<object>
		<name>ObsoletePulmonaryTuberculosis</name>
		<pose>unspecified</pose>
		<truncated>0</truncated>
		<difficult>0</difficult>
		<bndbox>
			<xmin>1711</xmin>
			<ymin>515</ymin>
			<xmax>2407</xmax>
			<ymax>1488</ymax>
		</bndbox>
	</object>
</annotation>
