<annotation>
	<filename>tb0203</filename>
	<segmented>0</segmented>
	<size>
		<width>1760</width>
		<height>2022</height>
	</size>
	<object>
		<name>ActiveTuberculosis</name>
		<pose>unspecified</pose>
		<truncated>0</truncated>
		<difficult>0</difficult>
		<bndbox>
			<xmin>274</xmin>
			<ymin>205</ymin>
			<xmax>743</xmax>
			<ymax>809</ymax>
		</bndbox>
	</object>
	<object>
		<name>ActiveTuberculosis</name>
		<pose>unspecified</pose>
		<truncated>0</truncated>
		<difficult>0</difficult>
		<bndbox>
			<xmin>996</xmin>
			<ymin>196</ymin>
			<xmax>1512</xmax>
			<ymax>713</ymax>
		</bndbox>
	</object>
</annotation>
