<annotation>
	<filename>tb0333</filename>
	<segmented>0</segmented>
	<size>
		<width>2022</width>
		<height>2022</height>
	</size>
	<object>
		<name>ActiveTuberculosis</name>
		<pose>unspecified</pose>
		<truncated>0</truncated>
		<difficult>0</difficult>
		<bndbox>
			<xmin>338</xmin>
			<ymin>409</ymin>
			<xmax>776</xmax>
			<ymax>899</ymax>
		</bndbox>
	</object>
	<object>
		<name>ActiveTuberculosis</name>
		<pose>unspecified</pose>
		<truncated>0</truncated>
		<difficult>0</difficult>
		<bndbox>
			<xmin>1120</xmin>
			<ymin>662</ymin>
			<xmax>1684</xmax>
			<ymax>1451</ymax>
		</bndbox>
	</object>
</annotation>
