<annotation>
	<filename>tb0322</filename>
	<segmented>0</segmented>
	<size>
		<width>1869</width>
		<height>2022</height>
	</size>
	<object>
		<name>ActiveTuberculosis</name>
		<pose>unspecified</pose>
		<truncated>0</truncated>
		<difficult>0</difficult>
		<bndbox>
			<xmin>482</xmin>
			<ymin>536</ymin>
			<xmax>781</xmax>
			<ymax>818</ymax>
		</bndbox>
	</object>
	<object>
		<name>ActiveTuberculosis</name>
		<pose>unspecified</pose>
		<truncated>0</truncated>
		<difficult>0</difficult>
		<bndbox>
			<xmin>1128</xmin>
			<ymin>264</ymin>
			<xmax>1386</xmax>
			<ymax>715</ymax>
		</bndbox>
	</object>
</annotation>
