<annotation>
	<filename>tb0377</filename>
	<segmented>0</segmented>
	<size>
		<width>2012</width>
		<height>2012</height>
	</size>
	<object>
		<name>ActiveTuberculosis</name>
		<pose>unspecified</pose>
		<truncated>0</truncated>
		<difficult>0</difficult>
		<bndbox>
			<xmin>1016</xmin>
			<ymin>577</ymin>
			<xmax>1534</xmax>
			<ymax>1160</ymax>
		</bndbox>
	</object>
	<object>
		<name>ActiveTuberculosis</name>
		<pose>unspecified</pose>
		<truncated>0</truncated>
		<difficult>0</difficult>
		<bndbox>
			<xmin>349</xmin>
			<ymin>355</ymin>
			<xmax>882</xmax>
			<ymax>837</ymax>
		</bndbox>
	</object>
</annotation>
