<annotation>
	<filename>tb0360</filename>
	<segmented>0</segmented>
	<size>
		<width>1748</width>
		<height>2022</height>
	</size>
	<object>
		<name>ActiveTuberculosis</name>
		<pose>unspecified</pose>
		<truncated>0</truncated>
		<difficult>0</difficult>
		<bndbox>
			<xmin>996</xmin>
			<ymin>339</ymin>
			<xmax>1468</xmax>
			<ymax>986</ymax>
		</bndbox>
	</object>
	<object>
		<name>ActiveTuberculosis</name>
		<pose>unspecified</pose>
		<truncated>0</truncated>
		<difficult>0</difficult>
		<bndbox>
			<xmin>256</xmin>
			<ymin>257</ymin>
			<xmax>802</xmax>
			<ymax>833</ymax>
		</bndbox>
	</object>
</annotation>
