<annotation>
	<filename>tb0390</filename>
	<segmented>0</segmented>
	<size>
		<width>1802</width>
		<height>2022</height>
	</size>
	<object>
		<name>ActiveTuberculosis</name>
		<pose>unspecified</pose>
		<truncated>0</truncated>
		<difficult>0</difficult>
		<bndbox>
			<xmin>1111</xmin>
			<ymin>460</ymin>
			<xmax>1594</xmax>
			<ymax>1105</ymax>
		</bndbox>
	</object>
	<object>
		<name>ActiveTuberculosis</name>
		<pose>unspecified</pose>
		<truncated>0</truncated>
		<difficult>0</difficult>
		<bndbox>
			<xmin>360</xmin>
			<ymin>319</ymin>
			<xmax>805</xmax>
			<ymax>836</ymax>
		</bndbox>
	</object>
</annotation>
