<annotation>
	<filename>tb0362</filename>
	<segmented>0</segmented>
	<size>
		<width>1747</width>
		<height>2022</height>
	</size>
	<object>
		<name>ObsoletePulmonaryTuberculosis</name>
		<pose>unspecified</pose>
		<truncated>0</truncated>
		<difficult>0</difficult>
		<bndbox>
			<xmin>1025</xmin>
			<ymin>540</ymin>
			<xmax>1351</xmax>
			<ymax>921</ymax>
		</bndbox>
	</object>
	<object>
		<name>ObsoletePulmonaryTuberculosis</name>
		<pose>unspecified</pose>
		<truncated>0</truncated>
		<difficult>0</difficult>
		<bndbox>
			<xmin>390</xmin>
			<ymin>431</ymin>
			<xmax>730</xmax>
			<ymax>702</ymax>
		</bndbox>
	</object>
</annotation>
