<annotation>
	<filename>tb0353</filename>
	<segmented>0</segmented>
	<size>
		<width>1862</width>
		<height>2022</height>
	</size>
	<object>
		<name>ActiveTuberculosis</name>
		<pose>unspecified</pose>
		<truncated>0</truncated>
		<difficult>0</difficult>
		<bndbox>
			<xmin>1106</xmin>
			<ymin>452</ymin>
			<xmax>1625</xmax>
			<ymax>1339</ymax>
		</bndbox>
	</object>
	<object>
		<name>ActiveTuberculosis</name>
		<pose>unspecified</pose>
		<truncated>0</truncated>
		<difficult>0</difficult>
		<bndbox>
			<xmin>350</xmin>
			<ymin>415</ymin>
			<xmax>866</xmax>
			<ymax>1319</ymax>
		</bndbox>
	</object>
</annotation>
