<annotation>
	<filename>tb0356</filename>
	<segmented>0</segmented>
	<size>
		<width>1863</width>
		<height>2022</height>
	</size>
	<object>
		<name>ActiveTuberculosis</name>
		<pose>unspecified</pose>
		<truncated>0</truncated>
		<difficult>0</difficult>
		<bndbox>
			<xmin>969</xmin>
			<ymin>354</ymin>
			<xmax>1442</xmax>
			<ymax>732</ymax>
		</bndbox>
	</object>
	<object>
		<name>ActiveTuberculosis</name>
		<pose>unspecified</pose>
		<truncated>0</truncated>
		<difficult>0</difficult>
		<bndbox>
			<xmin>260</xmin>
			<ymin>326</ymin>
			<xmax>767</xmax>
			<ymax>852</ymax>
		</bndbox>
	</object>
	<object>
		<name>ActiveTuberculosis</name>
		<pose>unspecified</pose>
		<truncated>0</truncated>
		<difficult>0</difficult>
		<bndbox>
			<xmin>1281</xmin>
			<ymin>826</ymin>
			<xmax>1539</xmax>
			<ymax>1258</ymax>
		</bndbox>
	</object>
</annotation>
