<annotation>
	<filename>tb0349</filename>
	<segmented>0</segmented>
	<size>
		<width>2372</width>
		<height>2880</height>
	</size>
	<object>
		<name>ActiveTuberculosis</name>
		<pose>unspecified</pose>
		<truncated>0</truncated>
		<difficult>0</difficult>
		<bndbox>
			<xmin>1419</xmin>
			<ymin>328</ymin>
			<xmax>2012</xmax>
			<ymax>1031</ymax>
		</bndbox>
	</object>
	<object>
		<name>ActiveTuberculosis</name>
		<pose>unspecified</pose>
		<truncated>0</truncated>
		<difficult>0</difficult>
		<bndbox>
			<xmin>468</xmin>
			<ymin>597</ymin>
			<xmax>1095</xmax>
			<ymax>1096</ymax>
		</bndbox>
	</object>
</annotation>
