<annotation>
	<filename>tb0497</filename>
	<segmented>0</segmented>
	<size>
		<width>2012</width>
		<height>2012</height>
	</size>
	<object>
		<name>ActiveTuberculosis</name>
		<pose>unspecified</pose>
		<truncated>0</truncated>
		<difficult>0</difficult>
		<bndbox>
			<xmin>1007</xmin>
			<ymin>108</ymin>
			<xmax>1625</xmax>
			<ymax>839</ymax>
		</bndbox>
	</object>
	<object>
		<name>ActiveTuberculosis</name>
		<pose>unspecified</pose>
		<truncated>0</truncated>
		<difficult>0</difficult>
		<bndbox>
			<xmin>312</xmin>
			<ymin>104</ymin>
			<xmax>923</xmax>
			<ymax>808</ymax>
		</bndbox>
	</object>
</annotation>
