<annotation>
	<filename>tb0413</filename>
	<segmented>0</segmented>
	<size>
		<width>2013</width>
		<height>2017</height>
	</size>
	<object>
		<name>ActiveTuberculosis</name>
		<pose>unspecified</pose>
		<truncated>0</truncated>
		<difficult>0</difficult>
		<bndbox>
			<xmin>358</xmin>
			<ymin>263</ymin>
			<xmax>860</xmax>
			<ymax>718</ymax>
		</bndbox>
	</object>
	<object>
		<name>ActiveTuberculosis</name>
		<pose>unspecified</pose>
		<truncated>0</truncated>
		<difficult>0</difficult>
		<bndbox>
			<xmin>991</xmin>
			<ymin>296</ymin>
			<xmax>1364</xmax>
			<ymax>710</ymax>
		</bndbox>
	</object>
</annotation>
