<annotation>
	<filename>tb0446</filename>
	<segmented>0</segmented>
	<size>
		<width>2372</width>
		<height>2880</height>
	</size>
	<object>
		<name>ActiveTuberculosis</name>
		<pose>unspecified</pose>
		<truncated>0</truncated>
		<difficult>0</difficult>
		<bndbox>
			<xmin>543</xmin>
			<ymin>279</ymin>
			<xmax>1138</xmax>
			<ymax>1386</ymax>
		</bndbox>
	</object>
	<object>
		<name>ActiveTuberculosis</name>
		<pose>unspecified</pose>
		<truncated>0</truncated>
		<difficult>0</difficult>
		<bndbox>
			<xmin>1382</xmin>
			<ymin>224</ymin>
			<xmax>2049</xmax>
			<ymax>1506</ymax>
		</bndbox>
	</object>
</annotation>
