<annotation>
	<filename>tb0499</filename>
	<segmented>0</segmented>
	<size>
		<width>1752</width>
		<height>2022</height>
	</size>
	<object>
		<name>ActiveTuberculosis</name>
		<pose>unspecified</pose>
		<truncated>0</truncated>
		<difficult>0</difficult>
		<bndbox>
			<xmin>970</xmin>
			<ymin>517</ymin>
			<xmax>1352</xmax>
			<ymax>786</ymax>
		</bndbox>
	</object>
	<object>
		<name>ActiveTuberculosis</name>
		<pose>unspecified</pose>
		<truncated>0</truncated>
		<difficult>0</difficult>
		<bndbox>
			<xmin>447</xmin>
			<ymin>525</ymin>
			<xmax>764</xmax>
			<ymax>809</ymax>
		</bndbox>
	</object>
	<object>
		<name>ActiveTuberculosis</name>
		<pose>unspecified</pose>
		<truncated>0</truncated>
		<difficult>0</difficult>
		<bndbox>
			<xmin>1161</xmin>
			<ymin>921</ymin>
			<xmax>1286</xmax>
			<ymax>1048</ymax>
		</bndbox>
	</object>
</annotation>
