<annotation>
	<filename>tb0441</filename>
	<segmented>0</segmented>
	<size>
		<width>1859</width>
		<height>2022</height>
	</size>
	<object>
		<name>ActiveTuberculosis</name>
		<pose>unspecified</pose>
		<truncated>0</truncated>
		<difficult>0</difficult>
		<bndbox>
			<xmin>418</xmin>
			<ymin>217</ymin>
			<xmax>875</xmax>
			<ymax>632</ymax>
		</bndbox>
	</object>
	<object>
		<name>ActiveTuberculosis</name>
		<pose>unspecified</pose>
		<truncated>0</truncated>
		<difficult>0</difficult>
		<bndbox>
			<xmin>1052</xmin>
			<ymin>247</ymin>
			<xmax>1497</xmax>
			<ymax>606</ymax>
		</bndbox>
	</object>
	<object>
		<name>ActiveTuberculosis</name>
		<pose>unspecified</pose>
		<truncated>0</truncated>
		<difficult>0</difficult>
		<bndbox>
			<xmin>279</xmin>
			<ymin>1309</ymin>
			<xmax>567</xmax>
			<ymax>1480</ymax>
		</bndbox>
	</object>
</annotation>
