<annotation>
	<filename>tb0460</filename>
	<segmented>0</segmented>
	<size>
		<width>1748</width>
		<height>2022</height>
	</size>
	<object>
		<name>ActiveTuberculosis</name>
		<pose>unspecified</pose>
		<truncated>0</truncated>
		<difficult>0</difficult>
		<bndbox>
			<xmin>227</xmin>
			<ymin>1014</ymin>
			<xmax>336</xmax>
			<ymax>1123</ymax>
		</bndbox>
	</object>
	<object>
		<name>ActiveTuberculosis</name>
		<pose>unspecified</pose>
		<truncated>0</truncated>
		<difficult>0</difficult>
		<bndbox>
			<xmin>177</xmin>
			<ymin>279</ymin>
			<xmax>755</xmax>
			<ymax>851</ymax>
		</bndbox>
	</object>
	<object>
		<name>ActiveTuberculosis</name>
		<pose>unspecified</pose>
		<truncated>0</truncated>
		<difficult>0</difficult>
		<bndbox>
			<xmin>970</xmin>
			<ymin>262</ymin>
			<xmax>1419</xmax>
			<ymax>679</ymax>
		</bndbox>
	</object>
</annotation>
