<annotation>
	<filename>tb0459</filename>
	<segmented>0</segmented>
	<size>
		<width>2802</width>
		<height>2735</height>
	</size>
	<object>
		<name>ObsoletePulmonaryTuberculosis</name>
		<pose>unspecified</pose>
		<truncated>0</truncated>
		<difficult>0</difficult>
		<bndbox>
			<xmin>628</xmin>
			<ymin>384</ymin>
			<xmax>1211</xmax>
			<ymax>918</ymax>
		</bndbox>
	</object>
	<object>
		<name>ObsoletePulmonaryTuberculosis</name>
		<pose>unspecified</pose>
		<truncated>0</truncated>
		<difficult>0</difficult>
		<bndbox>
			<xmin>1580</xmin>
			<ymin>356</ymin>
			<xmax>2200</xmax>
			<ymax>935</ymax>
		</bndbox>
	</object>
</annotation>
