<annotation>
	<filename>tb0439</filename>
	<segmented>0</segmented>
	<size>
		<width>2003</width>
		<height>2008</height>
	</size>
	<object>
		<name>ActiveTuberculosis</name>
		<pose>unspecified</pose>
		<truncated>0</truncated>
		<difficult>0</difficult>
		<bndbox>
			<xmin>1065</xmin>
			<ymin>370</ymin>
			<xmax>1479</xmax>
			<ymax>725</ymax>
		</bndbox>
	</object>
	<object>
		<name>ActiveTuberculosis</name>
		<pose>unspecified</pose>
		<truncated>0</truncated>
		<difficult>0</difficult>
		<bndbox>
			<xmin>1456</xmin>
			<ymin>761</ymin>
			<xmax>1631</xmax>
			<ymax>958</ymax>
		</bndbox>
	</object>
	<object>
		<name>ActiveTuberculosis</name>
		<pose>unspecified</pose>
		<truncated>0</truncated>
		<difficult>0</difficult>
		<bndbox>
			<xmin>420</xmin>
			<ymin>244</ymin>
			<xmax>915</xmax>
			<ymax>806</ymax>
		</bndbox>
	</object>
</annotation>
