<annotation>
	<filename>tb0406</filename>
	<segmented>0</segmented>
	<size>
		<width>2021</width>
		<height>2021</height>
	</size>
	<object>
		<name>ActiveTuberculosis</name>
		<pose>unspecified</pose>
		<truncated>0</truncated>
		<difficult>0</difficult>
		<bndbox>
			<xmin>347</xmin>
			<ymin>520</ymin>
			<xmax>718</xmax>
			<ymax>877</ymax>
		</bndbox>
	</object>
	<object>
		<name>ActiveTuberculosis</name>
		<pose>unspecified</pose>
		<truncated>0</truncated>
		<difficult>0</difficult>
		<bndbox>
			<xmin>1246</xmin>
			<ymin>280</ymin>
			<xmax>1592</xmax>
			<ymax>698</ymax>
		</bndbox>
	</object>
	<object>
		<name>ActiveTuberculosis</name>
		<pose>unspecified</pose>
		<truncated>0</truncated>
		<difficult>0</difficult>
		<bndbox>
			<xmin>652</xmin>
			<ymin>286</ymin>
			<xmax>823</xmax>
			<ymax>486</ymax>
		</bndbox>
	</object>
</annotation>
