<annotation>
	<filename>tb0419</filename>
	<segmented>0</segmented>
	<size>
		<width>1753</width>
		<height>2022</height>
	</size>
	<object>
		<name>ActiveTuberculosis</name>
		<pose>unspecified</pose>
		<truncated>0</truncated>
		<difficult>0</difficult>
		<bndbox>
			<xmin>866</xmin>
			<ymin>349</ymin>
			<xmax>1341</xmax>
			<ymax>799</ymax>
		</bndbox>
	</object>
	<object>
		<name>ActiveTuberculosis</name>
		<pose>unspecified</pose>
		<truncated>0</truncated>
		<difficult>0</difficult>
		<bndbox>
			<xmin>162</xmin>
			<ymin>306</ymin>
			<xmax>745</xmax>
			<ymax>1163</ymax>
		</bndbox>
	</object>
</annotation>
