<annotation>
	<filename>tb0496</filename>
	<segmented>0</segmented>
	<size>
		<width>1795</width>
		<height>2022</height>
	</size>
	<object>
		<name>ActiveTuberculosis</name>
		<pose>unspecified</pose>
		<truncated>0</truncated>
		<difficult>0</difficult>
		<bndbox>
			<xmin>1010</xmin>
			<ymin>361</ymin>
			<xmax>1440</xmax>
			<ymax>731</ymax>
		</bndbox>
	</object>
	<object>
		<name>ActiveTuberculosis</name>
		<pose>unspecified</pose>
		<truncated>0</truncated>
		<difficult>0</difficult>
		<bndbox>
			<xmin>391</xmin>
			<ymin>334</ymin>
			<xmax>846</xmax>
			<ymax>739</ymax>
		</bndbox>
	</object>
</annotation>
