<annotation>
	<filename>tb0504</filename>
	<segmented>0</segmented>
	<size>
		<width>2450</width>
		<height>2989</height>
	</size>
	<object>
		<name>ActiveTuberculosis</name>
		<pose>unspecified</pose>
		<truncated>0</truncated>
		<difficult>0</difficult>
		<bndbox>
			<xmin>1357</xmin>
			<ymin>389</ymin>
			<xmax>2032</xmax>
			<ymax>1138</ymax>
		</bndbox>
	</object>
	<object>
		<name>ActiveTuberculosis</name>
		<pose>unspecified</pose>
		<truncated>0</truncated>
		<difficult>0</difficult>
		<bndbox>
			<xmin>345</xmin>
			<ymin>319</ymin>
			<xmax>1184</xmax>
			<ymax>1359</ymax>
		</bndbox>
	</object>
</annotation>
