<annotation>
	<filename>tb0528</filename>
	<segmented>0</segmented>
	<size>
		<width>2518</width>
		<height>2763</height>
	</size>
	<object>
		<name>ActiveTuberculosis</name>
		<pose>unspecified</pose>
		<truncated>0</truncated>
		<difficult>0</difficult>
		<bndbox>
			<xmin>499</xmin>
			<ymin>265</ymin>
			<xmax>1126</xmax>
			<ymax>877</ymax>
		</bndbox>
	</object>
	<object>
		<name>ActiveTuberculosis</name>
		<pose>unspecified</pose>
		<truncated>0</truncated>
		<difficult>0</difficult>
		<bndbox>
			<xmin>1421</xmin>
			<ymin>267</ymin>
			<xmax>1919</xmax>
			<ymax>762</ymax>
		</bndbox>
	</object>
</annotation>
