<annotation>
	<filename>tb0550</filename>
	<segmented>0</segmented>
	<size>
		<width>1805</width>
		<height>2022</height>
	</size>
	<object>
		<name>ObsoletePulmonaryTuberculosis</name>
		<pose>unspecified</pose>
		<truncated>0</truncated>
		<difficult>0</difficult>
		<bndbox>
			<xmin>263</xmin>
			<ymin>265</ymin>
			<xmax>763</xmax>
			<ymax>839</ymax>
		</bndbox>
	</object>
	<object>
		<name>ObsoletePulmonaryTuberculosis</name>
		<pose>unspecified</pose>
		<truncated>0</truncated>
		<difficult>0</difficult>
		<bndbox>
			<xmin>1085</xmin>
			<ymin>297</ymin>
			<xmax>1509</xmax>
			<ymax>733</ymax>
		</bndbox>
	</object>
</annotation>
