<annotation>
	<filename>tb0508</filename>
	<segmented>0</segmented>
	<size>
		<width>1835</width>
		<height>2022</height>
	</size>
	<object>
		<name>ActiveTuberculosis</name>
		<pose>unspecified</pose>
		<truncated>0</truncated>
		<difficult>0</difficult>
		<bndbox>
			<xmin>1033</xmin>
			<ymin>528</ymin>
			<xmax>1440</xmax>
			<ymax>1034</ymax>
		</bndbox>
	</object>
	<object>
		<name>ActiveTuberculosis</name>
		<pose>unspecified</pose>
		<truncated>0</truncated>
		<difficult>0</difficult>
		<bndbox>
			<xmin>374</xmin>
			<ymin>296</ymin>
			<xmax>852</xmax>
			<ymax>866</ymax>
		</bndbox>
	</object>
	<object>
		<name>ActiveTuberculosis</name>
		<pose>unspecified</pose>
		<truncated>0</truncated>
		<difficult>0</difficult>
		<bndbox>
			<xmin>1390</xmin>
			<ymin>1474</ymin>
			<xmax>1492</xmax>
			<ymax>1575</ymax>
		</bndbox>
	</object>
</annotation>
