<annotation>
	<filename>tb0569</filename>
	<segmented>0</segmented>
	<size>
		<width>2013</width>
		<height>2017</height>
	</size>
	<object>
		<name>ActiveTuberculosis</name>
		<pose>unspecified</pose>
		<truncated>0</truncated>
		<difficult>0</difficult>
		<bndbox>
			<xmin>1154</xmin>
			<ymin>272</ymin>
			<xmax>1792</xmax>
			<ymax>1052</ymax>
		</bndbox>
	</object>
	<object>
		<name>ActiveTuberculosis</name>
		<pose>unspecified</pose>
		<truncated>0</truncated>
		<difficult>0</difficult>
		<bndbox>
			<xmin>317</xmin>
			<ymin>287</ymin>
			<xmax>971</xmax>
			<ymax>1564</ymax>
		</bndbox>
	</object>
</annotation>
