<annotation>
	<filename>tb0537</filename>
	<segmented>0</segmented>
	<size>
		<width>1612</width>
		<height>1945</height>
	</size>
	<object>
		<name>ActiveTuberculosis</name>
		<pose>unspecified</pose>
		<truncated>0</truncated>
		<difficult>0</difficult>
		<bndbox>
			<xmin>242</xmin>
			<ymin>219</ymin>
			<xmax>794</xmax>
			<ymax>769</ymax>
		</bndbox>
	</object>
	<object>
		<name>ActiveTuberculosis</name>
		<pose>unspecified</pose>
		<truncated>0</truncated>
		<difficult>0</difficult>
		<bndbox>
			<xmin>881</xmin>
			<ymin>256</ymin>
			<xmax>1401</xmax>
			<ymax>910</ymax>
		</bndbox>
	</object>
	<object>
		<name>ActiveTuberculosis</name>
		<pose>unspecified</pose>
		<truncated>0</truncated>
		<difficult>0</difficult>
		<bndbox>
			<xmin>216</xmin>
			<ymin>689</ymin>
			<xmax>730</xmax>
			<ymax>1333</ymax>
		</bndbox>
	</object>
</annotation>
