<annotation>
	<filename>tb0541</filename>
	<segmented>0</segmented>
	<size>
		<width>1749</width>
		<height>2022</height>
	</size>
	<object>
		<name>ActiveTuberculosis</name>
		<pose>unspecified</pose>
		<truncated>0</truncated>
		<difficult>0</difficult>
		<bndbox>
			<xmin>1012</xmin>
			<ymin>403</ymin>
			<xmax>1473</xmax>
			<ymax>1068</ymax>
		</bndbox>
	</object>
	<object>
		<name>ActiveTuberculosis</name>
		<pose>unspecified</pose>
		<truncated>0</truncated>
		<difficult>0</difficult>
		<bndbox>
			<xmin>256</xmin>
			<ymin>315</ymin>
			<xmax>791</xmax>
			<ymax>1052</ymax>
		</bndbox>
	</object>
</annotation>
