<annotation>
	<filename>tb0526</filename>
	<segmented>0</segmented>
	<size>
		<width>1850</width>
		<height>2022</height>
	</size>
	<object>
		<name>ObsoletePulmonaryTuberculosis</name>
		<pose>unspecified</pose>
		<truncated>0</truncated>
		<difficult>0</difficult>
		<bndbox>
			<xmin>1398</xmin>
			<ymin>711</ymin>
			<xmax>1559</xmax>
			<ymax>864</ymax>
		</bndbox>
	</object>
	<object>
		<name>ActiveTuberculosis</name>
		<pose>unspecified</pose>
		<truncated>0</truncated>
		<difficult>0</difficult>
		<bndbox>
			<xmin>380</xmin>
			<ymin>299</ymin>
			<xmax>869</xmax>
			<ymax>1205</ymax>
		</bndbox>
	</object>
</annotation>
