<annotation>
	<filename>tb0581</filename>
	<segmented>0</segmented>
	<size>
		<width>2802</width>
		<height>2735</height>
	</size>
	<object>
		<name>ActiveTuberculosis</name>
		<pose>unspecified</pose>
		<truncated>0</truncated>
		<difficult>0</difficult>
		<bndbox>
			<xmin>1745</xmin>
			<ymin>403</ymin>
			<xmax>2212</xmax>
			<ymax>1012</ymax>
		</bndbox>
	</object>
	<object>
		<name>ActiveTuberculosis</name>
		<pose>unspecified</pose>
		<truncated>0</truncated>
		<difficult>0</difficult>
		<bndbox>
			<xmin>923</xmin>
			<ymin>491</ymin>
			<xmax>1370</xmax>
			<ymax>937</ymax>
		</bndbox>
	</object>
</annotation>
