<annotation>
	<filename>tb0505</filename>
	<segmented>0</segmented>
	<size>
		<width>1848</width>
		<height>2022</height>
	</size>
	<object>
		<name>ActiveTuberculosis</name>
		<pose>unspecified</pose>
		<truncated>0</truncated>
		<difficult>0</difficult>
		<bndbox>
			<xmin>1016</xmin>
			<ymin>259</ymin>
			<xmax>1441</xmax>
			<ymax>923</ymax>
		</bndbox>
	</object>
	<object>
		<name>ActiveTuberculosis</name>
		<pose>unspecified</pose>
		<truncated>0</truncated>
		<difficult>0</difficult>
		<bndbox>
			<xmin>268</xmin>
			<ymin>344</ymin>
			<xmax>668</xmax>
			<ymax>862</ymax>
		</bndbox>
	</object>
</annotation>
