<annotation>
	<filename>tb0570</filename>
	<segmented>0</segmented>
	<size>
		<width>1746</width>
		<height>2022</height>
	</size>
	<object>
		<name>ActiveTuberculosis</name>
		<pose>unspecified</pose>
		<truncated>0</truncated>
		<difficult>0</difficult>
		<bndbox>
			<xmin>347</xmin>
			<ymin>290</ymin>
			<xmax>923</xmax>
			<ymax>975</ymax>
		</bndbox>
	</object>
	<object>
		<name>ActiveTuberculosis</name>
		<pose>unspecified</pose>
		<truncated>0</truncated>
		<difficult>0</difficult>
		<bndbox>
			<xmin>1121</xmin>
			<ymin>314</ymin>
			<xmax>1591</xmax>
			<ymax>821</ymax>
		</bndbox>
	</object>
</annotation>
