<annotation>
	<filename>tb0582</filename>
	<segmented>0</segmented>
	<size>
		<width>1755</width>
		<height>2022</height>
	</size>
	<object>
		<name>ObsoletePulmonaryTuberculosis</name>
		<pose>unspecified</pose>
		<truncated>0</truncated>
		<difficult>0</difficult>
		<bndbox>
			<xmin>400</xmin>
			<ymin>392</ymin>
			<xmax>818</xmax>
			<ymax>655</ymax>
		</bndbox>
	</object>
	<object>
		<name>ObsoletePulmonaryTuberculosis</name>
		<pose>unspecified</pose>
		<truncated>0</truncated>
		<difficult>0</difficult>
		<bndbox>
			<xmin>996</xmin>
			<ymin>371</ymin>
			<xmax>1369</xmax>
			<ymax>672</ymax>
		</bndbox>
	</object>
</annotation>
