<annotation>
	<filename>tb0554</filename>
	<segmented>0</segmented>
	<size>
		<width>1980</width>
		<height>2012</height>
	</size>
	<object>
		<name>ActiveTuberculosis</name>
		<pose>unspecified</pose>
		<truncated>0</truncated>
		<difficult>0</difficult>
		<bndbox>
			<xmin>1059</xmin>
			<ymin>172</ymin>
			<xmax>1534</xmax>
			<ymax>526</ymax>
		</bndbox>
	</object>
	<object>
		<name>ActiveTuberculosis</name>
		<pose>unspecified</pose>
		<truncated>0</truncated>
		<difficult>0</difficult>
		<bndbox>
			<xmin>570</xmin>
			<ymin>178</ymin>
			<xmax>899</xmax>
			<ymax>559</ymax>
		</bndbox>
	</object>
</annotation>
