<annotation>
	<filename>tb0501</filename>
	<segmented>0</segmented>
	<size>
		<width>1756</width>
		<height>2022</height>
	</size>
	<object>
		<name>ActiveTuberculosis</name>
		<pose>unspecified</pose>
		<truncated>0</truncated>
		<difficult>0</difficult>
		<bndbox>
			<xmin>379</xmin>
			<ymin>284</ymin>
			<xmax>974</xmax>
			<ymax>1094</ymax>
		</bndbox>
	</object>
	<object>
		<name>ObsoletePulmonaryTuberculosis</name>
		<pose>unspecified</pose>
		<truncated>0</truncated>
		<difficult>0</difficult>
		<bndbox>
			<xmin>1149</xmin>
			<ymin>379</ymin>
			<xmax>1645</xmax>
			<ymax>899</ymax>
		</bndbox>
	</object>
</annotation>
