<annotation>
	<filename>tb0512</filename>
	<segmented>0</segmented>
	<size>
		<width>2802</width>
		<height>2735</height>
	</size>
	<object>
		<name>ObsoletePulmonaryTuberculosis</name>
		<pose>unspecified</pose>
		<truncated>0</truncated>
		<difficult>0</difficult>
		<bndbox>
			<xmin>1532</xmin>
			<ymin>238</ymin>
			<xmax>2229</xmax>
			<ymax>1012</ymax>
		</bndbox>
	</object>
	<object>
		<name>ObsoletePulmonaryTuberculosis</name>
		<pose>unspecified</pose>
		<truncated>0</truncated>
		<difficult>0</difficult>
		<bndbox>
			<xmin>560</xmin>
			<ymin>203</ymin>
			<xmax>1268</xmax>
			<ymax>1361</ymax>
		</bndbox>
	</object>
</annotation>
