<annotation>
	<filename>tb0543</filename>
	<segmented>0</segmented>
	<size>
		<width>1748</width>
		<height>2022</height>
	</size>
	<object>
		<name>ActiveTuberculosis</name>
		<pose>unspecified</pose>
		<truncated>0</truncated>
		<difficult>0</difficult>
		<bndbox>
			<xmin>263</xmin>
			<ymin>166</ymin>
			<xmax>800</xmax>
			<ymax>777</ymax>
		</bndbox>
	</object>
	<object>
		<name>ObsoletePulmonaryTuberculosis</name>
		<pose>unspecified</pose>
		<truncated>0</truncated>
		<difficult>0</difficult>
		<bndbox>
			<xmin>1309</xmin>
			<ymin>650</ymin>
			<xmax>1611</xmax>
			<ymax>909</ymax>
		</bndbox>
	</object>
</annotation>
