<annotation>
	<filename>tb0506</filename>
	<segmented>0</segmented>
	<size>
		<width>2022</width>
		<height>2022</height>
	</size>
	<object>
		<name>ActiveTuberculosis</name>
		<pose>unspecified</pose>
		<truncated>0</truncated>
		<difficult>0</difficult>
		<bndbox>
			<xmin>325</xmin>
			<ymin>793</ymin>
			<xmax>714</xmax>
			<ymax>1254</ymax>
		</bndbox>
	</object>
	<object>
		<name>ObsoletePulmonaryTuberculosis</name>
		<pose>unspecified</pose>
		<truncated>0</truncated>
		<difficult>0</difficult>
		<bndbox>
			<xmin>529</xmin>
			<ymin>566</ymin>
			<xmax>666</xmax>
			<ymax>693</ymax>
		</bndbox>
	</object>
</annotation>
