<annotation>
	<filename>tb0510</filename>
	<segmented>0</segmented>
	<size>
		<width>2997</width>
		<height>3001</height>
	</size>
	<object>
		<name>ActiveTuberculosis</name>
		<pose>unspecified</pose>
		<truncated>0</truncated>
		<difficult>0</difficult>
		<bndbox>
			<xmin>833</xmin>
			<ymin>667</ymin>
			<xmax>1500</xmax>
			<ymax>1206</ymax>
		</bndbox>
	</object>
	<object>
		<name>ActiveTuberculosis</name>
		<pose>unspecified</pose>
		<truncated>0</truncated>
		<difficult>0</difficult>
		<bndbox>
			<xmin>1799</xmin>
			<ymin>496</ymin>
			<xmax>2530</xmax>
			<ymax>1098</ymax>
		</bndbox>
	</object>
</annotation>
