<annotation>
	<filename>tb0595</filename>
	<segmented>0</segmented>
	<size>
		<width>2017</width>
		<height>2017</height>
	</size>
	<object>
		<name>ActiveTuberculosis</name>
		<pose>unspecified</pose>
		<truncated>0</truncated>
		<difficult>0</difficult>
		<bndbox>
			<xmin>1152</xmin>
			<ymin>300</ymin>
			<xmax>1705</xmax>
			<ymax>1155</ymax>
		</bndbox>
	</object>
	<object>
		<name>ActiveTuberculosis</name>
		<pose>unspecified</pose>
		<truncated>0</truncated>
		<difficult>0</difficult>
		<bndbox>
			<xmin>458</xmin>
			<ymin>483</ymin>
			<xmax>936</xmax>
			<ymax>1037</ymax>
		</bndbox>
	</object>
</annotation>
