<annotation>
	<filename>tb0672</filename>
	<segmented>0</segmented>
	<size>
		<width>2840</width>
		<height>2874</height>
	</size>
	<object>
		<name>ActiveTuberculosis</name>
		<pose>unspecified</pose>
		<truncated>0</truncated>
		<difficult>0</difficult>
		<bndbox>
			<xmin>636</xmin>
			<ymin>473</ymin>
			<xmax>1395</xmax>
			<ymax>1776</ymax>
		</bndbox>
	</object>
	<object>
		<name>ActiveTuberculosis</name>
		<pose>unspecified</pose>
		<truncated>0</truncated>
		<difficult>0</difficult>
		<bndbox>
			<xmin>1652</xmin>
			<ymin>756</ymin>
			<xmax>2356</xmax>
			<ymax>1916</ymax>
		</bndbox>
	</object>
</annotation>
