<annotation>
	<filename>tb0624</filename>
	<segmented>0</segmented>
	<size>
		<width>1756</width>
		<height>2022</height>
	</size>
	<object>
		<name>ObsoletePulmonaryTuberculosis</name>
		<pose>unspecified</pose>
		<truncated>0</truncated>
		<difficult>0</difficult>
		<bndbox>
			<xmin>1136</xmin>
			<ymin>818</ymin>
			<xmax>1527</xmax>
			<ymax>1409</ymax>
		</bndbox>
	</object>
	<object>
		<name>ObsoletePulmonaryTuberculosis</name>
		<pose>unspecified</pose>
		<truncated>0</truncated>
		<difficult>0</difficult>
		<bndbox>
			<xmin>274</xmin>
			<ymin>464</ymin>
			<xmax>790</xmax>
			<ymax>1031</ymax>
		</bndbox>
	</object>
</annotation>
