<annotation>
	<filename>tb0631</filename>
	<segmented>0</segmented>
	<size>
		<width>2997</width>
		<height>2995</height>
	</size>
	<object>
		<name>ObsoletePulmonaryTuberculosis</name>
		<pose>unspecified</pose>
		<truncated>0</truncated>
		<difficult>0</difficult>
		<bndbox>
			<xmin>1743</xmin>
			<ymin>311</ymin>
			<xmax>2362</xmax>
			<ymax>998</ymax>
		</bndbox>
	</object>
	<object>
		<name>ObsoletePulmonaryTuberculosis</name>
		<pose>unspecified</pose>
		<truncated>0</truncated>
		<difficult>0</difficult>
		<bndbox>
			<xmin>913</xmin>
			<ymin>346</ymin>
			<xmax>1496</xmax>
			<ymax>1003</ymax>
		</bndbox>
	</object>
</annotation>
