<annotation>
	<filename>tb0647</filename>
	<segmented>0</segmented>
	<size>
		<width>1352</width>
		<height>1692</height>
	</size>
	<object>
		<name>ActiveTuberculosis</name>
		<pose>unspecified</pose>
		<truncated>0</truncated>
		<difficult>0</difficult>
		<bndbox>
			<xmin>89</xmin>
			<ymin>345</ymin>
			<xmax>647</xmax>
			<ymax>1296</ymax>
		</bndbox>
	</object>
	<object>
		<name>ActiveTuberculosis</name>
		<pose>unspecified</pose>
		<truncated>0</truncated>
		<difficult>0</difficult>
		<bndbox>
			<xmin>850</xmin>
			<ymin>578</ymin>
			<xmax>1307</xmax>
			<ymax>1392</ymax>
		</bndbox>
	</object>
</annotation>
