<annotation>
	<filename>tb0607</filename>
	<segmented>0</segmented>
	<size>
		<width>1860</width>
		<height>2022</height>
	</size>
	<object>
		<name>ActiveTuberculosis</name>
		<pose>unspecified</pose>
		<truncated>0</truncated>
		<difficult>0</difficult>
		<bndbox>
			<xmin>1031</xmin>
			<ymin>210</ymin>
			<xmax>1530</xmax>
			<ymax>1028</ymax>
		</bndbox>
	</object>
	<object>
		<name>ActiveTuberculosis</name>
		<pose>unspecified</pose>
		<truncated>0</truncated>
		<difficult>0</difficult>
		<bndbox>
			<xmin>279</xmin>
			<ymin>227</ymin>
			<xmax>778</xmax>
			<ymax>1303</ymax>
		</bndbox>
	</object>
</annotation>
