<annotation>
	<filename>tb0610</filename>
	<segmented>0</segmented>
	<size>
		<width>1747</width>
		<height>2022</height>
	</size>
	<object>
		<name>ActiveTuberculosis</name>
		<pose>unspecified</pose>
		<truncated>0</truncated>
		<difficult>0</difficult>
		<bndbox>
			<xmin>235</xmin>
			<ymin>144</ymin>
			<xmax>792</xmax>
			<ymax>697</ymax>
		</bndbox>
	</object>
	<object>
		<name>ActiveTuberculosis</name>
		<pose>unspecified</pose>
		<truncated>0</truncated>
		<difficult>0</difficult>
		<bndbox>
			<xmin>1001</xmin>
			<ymin>263</ymin>
			<xmax>1425</xmax>
			<ymax>634</ymax>
		</bndbox>
	</object>
</annotation>
