<annotation>
	<filename>tb0645</filename>
	<segmented>0</segmented>
	<size>
		<width>3001</width>
		<height>3001</height>
	</size>
	<object>
		<name>ObsoletePulmonaryTuberculosis</name>
		<pose>unspecified</pose>
		<truncated>0</truncated>
		<difficult>0</difficult>
		<bndbox>
			<xmin>469</xmin>
			<ymin>454</ymin>
			<xmax>1248</xmax>
			<ymax>1614</ymax>
		</bndbox>
	</object>
	<object>
		<name>ObsoletePulmonaryTuberculosis</name>
		<pose>unspecified</pose>
		<truncated>0</truncated>
		<difficult>0</difficult>
		<bndbox>
			<xmin>397</xmin>
			<ymin>1626</ymin>
			<xmax>608</xmax>
			<ymax>2100</ymax>
		</bndbox>
	</object>
	<object>
		<name>ObsoletePulmonaryTuberculosis</name>
		<pose>unspecified</pose>
		<truncated>0</truncated>
		<difficult>0</difficult>
		<bndbox>
			<xmin>2160</xmin>
			<ymin>838</ymin>
			<xmax>2415</xmax>
			<ymax>1119</ymax>
		</bndbox>
	</object>
</annotation>
