<annotation>
	<filename>tb0609</filename>
	<segmented>0</segmented>
	<size>
		<width>1754</width>
		<height>2022</height>
	</size>
	<object>
		<name>ObsoletePulmonaryTuberculosis</name>
		<pose>unspecified</pose>
		<truncated>0</truncated>
		<difficult>0</difficult>
		<bndbox>
			<xmin>505</xmin>
			<ymin>232</ymin>
			<xmax>848</xmax>
			<ymax>610</ymax>
		</bndbox>
	</object>
	<object>
		<name>ObsoletePulmonaryTuberculosis</name>
		<pose>unspecified</pose>
		<truncated>0</truncated>
		<difficult>0</difficult>
		<bndbox>
			<xmin>999</xmin>
			<ymin>278</ymin>
			<xmax>1448</xmax>
			<ymax>868</ymax>
		</bndbox>
	</object>
</annotation>
