<annotation>
	<filename>tb0676</filename>
	<segmented>0</segmented>
	<size>
		<width>1751</width>
		<height>2022</height>
	</size>
	<object>
		<name>ActiveTuberculosis</name>
		<pose>unspecified</pose>
		<truncated>0</truncated>
		<difficult>0</difficult>
		<bndbox>
			<xmin>1084</xmin>
			<ymin>206</ymin>
			<xmax>1701</xmax>
			<ymax>1322</ymax>
		</bndbox>
	</object>
	<object>
		<name>ObsoletePulmonaryTuberculosis</name>
		<pose>unspecified</pose>
		<truncated>0</truncated>
		<difficult>0</difficult>
		<bndbox>
			<xmin>311</xmin>
			<ymin>534</ymin>
			<xmax>664</xmax>
			<ymax>833</ymax>
		</bndbox>
	</object>
</annotation>
