<annotation>
	<filename>tb0640</filename>
	<segmented>0</segmented>
	<size>
		<width>2017</width>
		<height>2014</height>
	</size>
	<object>
		<name>ActiveTuberculosis</name>
		<pose>unspecified</pose>
		<truncated>0</truncated>
		<difficult>0</difficult>
		<bndbox>
			<xmin>352</xmin>
			<ymin>381</ymin>
			<xmax>901</xmax>
			<ymax>905</ymax>
		</bndbox>
	</object>
	<object>
		<name>ActiveTuberculosis</name>
		<pose>unspecified</pose>
		<truncated>0</truncated>
		<difficult>0</difficult>
		<bndbox>
			<xmin>369</xmin>
			<ymin>1051</ymin>
			<xmax>519</xmax>
			<ymax>1183</ymax>
		</bndbox>
	</object>
	<object>
		<name>ObsoletePulmonaryTuberculosis</name>
		<pose>unspecified</pose>
		<truncated>0</truncated>
		<difficult>0</difficult>
		<bndbox>
			<xmin>1198</xmin>
			<ymin>405</ymin>
			<xmax>1659</xmax>
			<ymax>904</ymax>
		</bndbox>
	</object>
</annotation>
