<annotation>
	<filename>tb0653</filename>
	<segmented>0</segmented>
	<size>
		<width>1757</width>
		<height>2022</height>
	</size>
	<object>
		<name>ObsoletePulmonaryTuberculosis</name>
		<pose>unspecified</pose>
		<truncated>0</truncated>
		<difficult>0</difficult>
		<bndbox>
			<xmin>256</xmin>
			<ymin>497</ymin>
			<xmax>797</xmax>
			<ymax>878</ymax>
		</bndbox>
	</object>
	<object>
		<name>ObsoletePulmonaryTuberculosis</name>
		<pose>unspecified</pose>
		<truncated>0</truncated>
		<difficult>0</difficult>
		<bndbox>
			<xmin>1083</xmin>
			<ymin>524</ymin>
			<xmax>1572</xmax>
			<ymax>1061</ymax>
		</bndbox>
	</object>
</annotation>
