<annotation>
	<filename>tb0667</filename>
	<segmented>0</segmented>
	<size>
		<width>2997</width>
		<height>2781</height>
	</size>
	<object>
		<name>ObsoletePulmonaryTuberculosis</name>
		<pose>unspecified</pose>
		<truncated>0</truncated>
		<difficult>0</difficult>
		<bndbox>
			<xmin>1628</xmin>
			<ymin>447</ymin>
			<xmax>2237</xmax>
			<ymax>916</ymax>
		</bndbox>
	</object>
	<object>
		<name>ActiveTuberculosis</name>
		<pose>unspecified</pose>
		<truncated>0</truncated>
		<difficult>0</difficult>
		<bndbox>
			<xmin>813</xmin>
			<ymin>456</ymin>
			<xmax>1543</xmax>
			<ymax>1024</ymax>
		</bndbox>
	</object>
</annotation>
