<annotation>
	<filename>tb0738</filename>
	<segmented>0</segmented>
	<size>
		<width>1807</width>
		<height>2022</height>
	</size>
	<object>
		<name>ActiveTuberculosis</name>
		<pose>unspecified</pose>
		<truncated>0</truncated>
		<difficult>0</difficult>
		<bndbox>
			<xmin>455</xmin>
			<ymin>264</ymin>
			<xmax>792</xmax>
			<ymax>681</ymax>
		</bndbox>
	</object>
	<object>
		<name>ActiveTuberculosis</name>
		<pose>unspecified</pose>
		<truncated>0</truncated>
		<difficult>0</difficult>
		<bndbox>
			<xmin>1136</xmin>
			<ymin>271</ymin>
			<xmax>1530</xmax>
			<ymax>617</ymax>
		</bndbox>
	</object>
</annotation>
