<annotation>
	<filename>tb0735</filename>
	<segmented>0</segmented>
	<size>
		<width>2802</width>
		<height>2735</height>
	</size>
	<object>
		<name>ActiveTuberculosis</name>
		<pose>unspecified</pose>
		<truncated>0</truncated>
		<difficult>0</difficult>
		<bndbox>
			<xmin>858</xmin>
			<ymin>323</ymin>
			<xmax>1405</xmax>
			<ymax>859</ymax>
		</bndbox>
	</object>
	<object>
		<name>ActiveTuberculosis</name>
		<pose>unspecified</pose>
		<truncated>0</truncated>
		<difficult>0</difficult>
		<bndbox>
			<xmin>1844</xmin>
			<ymin>406</ymin>
			<xmax>2266</xmax>
			<ymax>825</ymax>
		</bndbox>
	</object>
</annotation>
