<annotation>
	<filename>tb0715</filename>
	<segmented>0</segmented>
	<size>
		<width>2788</width>
		<height>2959</height>
	</size>
	<object>
		<name>ActiveTuberculosis</name>
		<pose>unspecified</pose>
		<truncated>0</truncated>
		<difficult>0</difficult>
		<bndbox>
			<xmin>443</xmin>
			<ymin>214</ymin>
			<xmax>1263</xmax>
			<ymax>1085</ymax>
		</bndbox>
	</object>
	<object>
		<name>ActiveTuberculosis</name>
		<pose>unspecified</pose>
		<truncated>0</truncated>
		<difficult>0</difficult>
		<bndbox>
			<xmin>1463</xmin>
			<ymin>278</ymin>
			<xmax>2197</xmax>
			<ymax>972</ymax>
		</bndbox>
	</object>
	<object>
		<name>ActiveTuberculosis</name>
		<pose>unspecified</pose>
		<truncated>0</truncated>
		<difficult>0</difficult>
		<bndbox>
			<xmin>1811</xmin>
			<ymin>1653</ymin>
			<xmax>1992</xmax>
			<ymax>1849</ymax>
		</bndbox>
	</object>
</annotation>
