<annotation>
	<filename>tb0730</filename>
	<segmented>0</segmented>
	<size>
		<width>1749</width>
		<height>2021</height>
	</size>
	<object>
		<name>ObsoletePulmonaryTuberculosis</name>
		<pose>unspecified</pose>
		<truncated>0</truncated>
		<difficult>0</difficult>
		<bndbox>
			<xmin>1040</xmin>
			<ymin>312</ymin>
			<xmax>1442</xmax>
			<ymax>712</ymax>
		</bndbox>
	</object>
	<object>
		<name>ObsoletePulmonaryTuberculosis</name>
		<pose>unspecified</pose>
		<truncated>0</truncated>
		<difficult>0</difficult>
		<bndbox>
			<xmin>265</xmin>
			<ymin>298</ymin>
			<xmax>685</xmax>
			<ymax>629</ymax>
		</bndbox>
	</object>
</annotation>
