<annotation>
	<filename>tb0708</filename>
	<segmented>0</segmented>
	<size>
		<width>1754</width>
		<height>2022</height>
	</size>
	<object>
		<name>ActiveTuberculosis</name>
		<pose>unspecified</pose>
		<truncated>0</truncated>
		<difficult>0</difficult>
		<bndbox>
			<xmin>128</xmin>
			<ymin>345</ymin>
			<xmax>783</xmax>
			<ymax>1052</ymax>
		</bndbox>
	</object>
	<object>
		<name>ActiveTuberculosis</name>
		<pose>unspecified</pose>
		<truncated>0</truncated>
		<difficult>0</difficult>
		<bndbox>
			<xmin>1110</xmin>
			<ymin>668</ymin>
			<xmax>1582</xmax>
			<ymax>1165</ymax>
		</bndbox>
	</object>
	<object>
		<name>ActiveTuberculosis</name>
		<pose>unspecified</pose>
		<truncated>0</truncated>
		<difficult>0</difficult>
		<bndbox>
			<xmin>947</xmin>
			<ymin>345</ymin>
			<xmax>1373</xmax>
			<ymax>656</ymax>
		</bndbox>
	</object>
</annotation>
