<annotation>
	<filename>tb0726</filename>
	<segmented>0</segmented>
	<size>
		<width>1798</width>
		<height>2022</height>
	</size>
	<object>
		<name>ActiveTuberculosis</name>
		<pose>unspecified</pose>
		<truncated>0</truncated>
		<difficult>0</difficult>
		<bndbox>
			<xmin>1020</xmin>
			<ymin>359</ymin>
			<xmax>1515</xmax>
			<ymax>1450</ymax>
		</bndbox>
	</object>
	<object>
		<name>ActiveTuberculosis</name>
		<pose>unspecified</pose>
		<truncated>0</truncated>
		<difficult>0</difficult>
		<bndbox>
			<xmin>223</xmin>
			<ymin>309</ymin>
			<xmax>915</xmax>
			<ymax>1475</ymax>
		</bndbox>
	</object>
</annotation>
