<annotation>
	<filename>tb0732</filename>
	<segmented>0</segmented>
	<size>
		<width>1857</width>
		<height>2022</height>
	</size>
	<object>
		<name>ActiveTuberculosis</name>
		<pose>unspecified</pose>
		<truncated>0</truncated>
		<difficult>0</difficult>
		<bndbox>
			<xmin>235</xmin>
			<ymin>358</ymin>
			<xmax>856</xmax>
			<ymax>1031</ymax>
		</bndbox>
	</object>
	<object>
		<name>ActiveTuberculosis</name>
		<pose>unspecified</pose>
		<truncated>0</truncated>
		<difficult>0</difficult>
		<bndbox>
			<xmin>1089</xmin>
			<ymin>352</ymin>
			<xmax>1613</xmax>
			<ymax>1090</ymax>
		</bndbox>
	</object>
</annotation>
