<annotation>
	<filename>tb0713</filename>
	<segmented>0</segmented>
	<size>
		<width>1787</width>
		<height>2022</height>
	</size>
	<object>
		<name>ActiveTuberculosis</name>
		<pose>unspecified</pose>
		<truncated>0</truncated>
		<difficult>0</difficult>
		<bndbox>
			<xmin>231</xmin>
			<ymin>531</ymin>
			<xmax>798</xmax>
			<ymax>1197</ymax>
		</bndbox>
	</object>
	<object>
		<name>ObsoletePulmonaryTuberculosis</name>
		<pose>unspecified</pose>
		<truncated>0</truncated>
		<difficult>0</difficult>
		<bndbox>
			<xmin>1088</xmin>
			<ymin>759</ymin>
			<xmax>1606</xmax>
			<ymax>1297</ymax>
		</bndbox>
	</object>
	<object>
		<name>ActiveTuberculosis</name>
		<pose>unspecified</pose>
		<truncated>0</truncated>
		<difficult>0</difficult>
		<bndbox>
			<xmin>170</xmin>
			<ymin>1570</ymin>
			<xmax>323</xmax>
			<ymax>1726</ymax>
		</bndbox>
	</object>
</annotation>
